Daily update at Mon Oct 27 13:17:00 UTC 2025
Daily update at Tue Oct 28 09:29:54 UTC 2025
Daily update at Wed Oct 29 09:29:06 UTC 2025
Daily update at Thu Oct 30 09:29:45 UTC 2025
Daily update at Fri Oct 31 09:29:33 UTC 2025
Daily update at Sat Nov  1 09:24:56 UTC 2025
Daily update at Sun Nov  2 09:24:07 UTC 2025
Daily update at Mon Nov  3 09:33:13 UTC 2025
Daily update at Tue Nov  4 09:31:22 UTC 2025
Daily update at Wed Nov  5 09:31:20 UTC 2025
Daily update at Thu Nov  6 09:30:32 UTC 2025
Daily update at Fri Nov  7 09:28:56 UTC 2025
Daily update at Sat Nov  8 09:24:49 UTC 2025
Daily update at Sun Nov  9 09:24:19 UTC 2025
Daily update at Mon Nov 10 09:33:02 UTC 2025
Daily update at Tue Nov 11 09:30:29 UTC 2025
Daily update at Wed Nov 12 09:30:27 UTC 2025
Daily update at Thu Nov 13 09:30:49 UTC 2025
Daily update at Fri Nov 14 09:29:41 UTC 2025
Daily update at Sat Nov 15 09:25:34 UTC 2025
Daily update at Sun Nov 16 09:26:06 UTC 2025
